label,label_name,urgency_count,threat_fear_count,authority_count,sensitive_request_count,action_request_count,total_linguistic_count
0,Ham,0.07517932431692494,0.1923561298800854,0.05924546898099983,0.0700870612714231,0.19805070360838856,0.5949186880578218
1,Spam,0.1263294905169208,0.081889178133135,0.2909631833395314,0.09010784678319078,0.36307177389364076,0.9523614726664188
