Model,Accuracy,Precision,Recall,F1
Logistic Regression,0.9874260355029586,0.9910581222056631,0.9837278106508875,0.9873793615441723
Naive Bayes,0.9763313609467456,0.9849397590361446,0.9674556213017751,0.9761194029850746
SVM (LinearSVC),0.9940828402366864,0.9940828402366864,0.9940828402366864,0.9940828402366864
