label,label_name,urgency_count,threat_fear_count,authority_count,sensitive_request_count,action_request_count,total_linguistic_count
0,Ham,0.07517932431692494,0.1923561298800854,0.05924546898099983,0.0700870612714231,0.19805070360838856,0.5949186880578218
1,Spam,0.12638589180742615,0.08192573852221148,0.29109308728328,0.09014807649378674,0.36345710246298085,0.9530098965696853
